id,lang,text,score,label
gdelt:www.albuquerqueexpress.com/news/279227553/for-brazils-indigenous-youth-visibility-is-resistance,en,"For Brazils Indigenous youth , visibility is resistance",0.030651506,
gdelt:www.mesabitribune.com/around_the_web/news/michigan-s-local-election-officials-are-confident-in-voting-integrity-ahead-of-november-s-midterm/article_ea74f162-23be-58fb-9325-02ba897c1856.html,en,Michigan local election officials are confident in voting integrity ahead of November midterm election | News,0.1489023,
gdelt:newsbusters.org/blogs/nb/jorge-bonilla/2026/08/09/nihs-dr-jay-schools-margaret-brennan-covid-lockdown-harm-crisis,en,The NIH Dr . Jay SCHOOLS Margaret Brennan on Covid Lockdown Harm,0.00842422,
gdelt:www.klif.com/2026/08/05/van-duyne-sounds-alarm-after-trump-releases-china-voter-data-files,en,Van Duyne Sounds Alarm After Trump Releases China Voter - Data Files,0.22357385,
mastodon:116466970981346443,en,"🧪I am a certified geezer. I experienced first-hand what life was like when the only #vaccine available was that for small-pox. Please read this very informative free NYT article to understand what's a stake when you listen to the anti-vaxxers!
www.nytimes.com/2026/04/25/o...

Opinion | Measles Is Back. Wha...",0.03565476,
mastodon:117037290598415410,en,"Mia Farrow: ""For over 20 years, no one in America died from measles, until #RFKjr. Now three kids have died. Many kids are hospitalized. Because of his idiotic, non-medical opinions.""
#healthcare #vaccine #extremism #politics",0.08767936,
mastodon:116936964285090914,en,"#infectiousdiseases #vaccinate #vaccine #vaccines #vaccinesSaveLives

RE: https://bsky.app/profile/did:plc:5y5mgzgs2kx63mqc5gcz2n3v/post/3mqueixlnc22k",0.34578952,
mastodon:117073252088848350,en,"For the record, ""a vaccination thing that looks like the size of a bottle of soda and pour[ed] into a little child's body"" is a deeply-held spiritual belief I carry and no flatulent, rapey old man is going to change that.
#trump
#autism
#vaccines
#vaccinationschedule",0.031362735,
news:theconversation.com/luxon-survives-but-why-do-national-and-labour-both-struggle-with-effective-leadership-289596,en,"Luxon survives. But why do National and Labour both struggle with effective leadership?

Both major parties have had a revolving door of leaders. What is it about modern politics that makes the job so challenging – and are others doing any better?

Phil Walter/Getty Images
Christopher Luxon has survived a confidence vote in caucus – his second within five months – and remains prime minister.

In a very brief statement this afternoon, he said t... [+5415 chars]",0.0024374947,
news:www.forbes.com/sites/siladityaray/2026/08/11/darline-graham-advances-to-the-runoff-in-gop-primary-for-her-brother-lindseys-senate-seat,en,"Darline Graham Advances To The Runoff In GOP Primary For Her Brother Lindsey’s Senate Seat

Graham, a political newcomer, topped the GOP special primary just weeks after being appointed to serve out the remainder of her late brother’s term.

Sen. Darline Graham, R-S.C., advanced to the runoff in the special Republican primary for the Senate seat on Tuesday night, as she attempts to secure a full term as senator after being appointed to s... [+2080 chars]",0.031107722,
news:www.glossy.co/beauty/wellness/wellness-briefing-the-emerging-lung-health-category-is-top-of-mind-after-more-brutal-wildfires-plus-news,en,"The lung health category is top of mind after more brutal wildfires

Glossy interviews Eric Kau, CEO and co-founder of Climatic, the maker of L Max, an everyday inhaler made to improve lung health.

For the Wellness Briefing, Glossy spoke with Eric Kau, CEO and co-founder of wellness startup Climatic, the maker of L Max, an everyday inhaler made to improve lung health. Kau, a former Target and A... [+10205 chars]",0.1858282,
news:fullfact.org/crime/how-many-prison-places-did-the-conservatives-create,en,"How many prison places did the Conservatives create?

Andy Burnham and Kemi Badenoch have made seemingly contradictory claims about the previous government’s record on prison places.",0.03831596,
reddit:e5m9y06,en,"Which is what I find funny - the pro-repeal side is constantly pushing the narrative that they're being attacked, that their rights are being trampled on, etc etc. But yet when such moments exist, none of them can be found, whereas the anti-repeal side is surprisingly efficient at coordinating their ""defense"" against what they view as an attack on their values.

Is pinkdot really nothing but SJWs blowing hot air? Or are they a genuine minority?",0.10314969,
reddit:e57h42l,en,"This sub is just

Came in X, left it at X, came back to find X.

&amp;#x200B;

And it gets upvoted every time.",0.003404057,
reddit:e593tu4,en,So did the burglar get away?,0.011334983,
reddit:e6aox8q,en,Me too.. I don't earn much I barely break even every month but I quite like the system still,0.011137285,
youtube:Ugy1SuWy6FbBnoXMIcR4AaABAg.A_57BK_21yrA_65raFDMxS,en,"Yes thank you! I’m SO SICK of the media, Congress and everyone else sugar coating that crap by calling them misthruths or misinformation. They are LIES, it’s called LYING, and they are spreading LIES. They are LIARS. They need to stop trying to protect their feelings. Those thugs are liars spreading lies. Period.",0.07629652,
youtube:UgymbuxgpIc73FsSert4AaABAg,en,Evidence is available to the public fauci said in private about concerns of miscarriages was not stated to the public. NBC is embarrassment,0.0425101,
youtube:UgzL4uP3-VHnwCh1zj54AaABAg.A_37m0KLo69A_62XCwMd5N,en,"To make room? JK, Big Brother.",0.008034551,
youtube:UgzO6_1dNRoSMTnBxKB4AaABAg,en,"That Fauci has a $434,000 Federal pension, highest in history, and walking around free as a jaybird, when all of us know someone who didn't survive the mass human medical experiment crime against humanity, when ANY State could immediately fill a grand jury to indict Fauci on mass mūrder, proves 'America' (sic) is a crime syndicate 1/3-slave-for-life Workers.",0.011989826,
